,Name,Team,Number,Position,Age,Height,Weight,College,Salary
0,Avery Bradley,Boston Celtics,0,PG,25,156.09839384630737,180,Texas,7730337.0
1,Jae Crowder,Boston Celtics,99,SF,25,169.3171580561497,235,Marquette,6796117.0
2,John Holland,Boston Celtics,30,SG,27,152.02585492405424,205,Boston University,0.0
3,R.J. Hunter,Boston Celtics,28,SG,22,168.6214068811837,185,Georgia State,1148640.0
4,Jonas Jerebko,Boston Celtics,8,PF,29,170.07520091291798,231,unknown,5000000.0
5,Amir Johnson,Boston Celtics,90,PF,29,153.91818604540495,240,unknown,12000000.0
6,Jordan Mickey,Boston Celtics,55,PF,21,155.4342647207519,235,LSU,1170960.0
7,Kelly Olynyk,Boston Celtics,41,C,25,153.57094420327329,238,Gonzaga,2165160.0
8,Terry Rozier,Boston Celtics,12,PG,22,161.66003300296393,190,Louisville,1824360.0
9,Marcus Smart,Boston Celtics,36,PG,22,161.28675443597862,220,Oklahoma State,3431040.0
10,Jared Sullinger,Boston Celtics,7,C,24,162.71085146442925,260,Ohio State,2569260.0
11,Isaiah Thomas,Boston Celtics,4,PG,27,156.93670591464718,185,Washington,6912869.0
12,Evan Turner,Boston Celtics,11,SG,27,171.79104992705794,220,Ohio State,3425510.0
13,James Young,Boston Celtics,13,SG,20,162.39012479762044,215,Kentucky,1749840.0
14,Tyler Zeller,Boston Celtics,44,C,26,152.83883602869872,253,North Carolina,2616975.0
15,Bojan Bogdanovic,Brooklyn Nets,44,SG,27,156.7932873830552,216,unknown,3425510.0
16,Markel Brown,Brooklyn Nets,22,SG,24,157.833503338769,190,Oklahoma State,845059.0
17,Wayne Ellington,Brooklyn Nets,21,SG,28,166.0377154893294,200,North Carolina,1500000.0
18,Rondae Hollis-Jefferson,Brooklyn Nets,24,SG,21,152.49406187745652,220,Arizona,1335480.0
19,Jarrett Jack,Brooklyn Nets,2,PG,32,155.10365111352797,200,Georgia Tech,6300000.0
20,Sergey Karasev,Brooklyn Nets,10,SG,22,174.03588512985272,208,unknown,1599840.0
21,Sean Kilpatrick,Brooklyn Nets,6,SG,26,157.08230123034633,219,Cincinnati,134215.0
22,Shane Larkin,Brooklyn Nets,0,PG,23,173.82286805120145,175,Miami (FL),1500000.0
23,Brook Lopez,Brooklyn Nets,11,C,28,152.87999636653484,275,Stanford,19689000.0
24,Chris McCullough,Brooklyn Nets,1,PF,21,179.62029393109844,200,Syracuse,1140240.0
25,Willie Reed,Brooklyn Nets,33,PF,26,153.86933183461196,220,Saint Louis,947276.0
26,Thomas Robinson,Brooklyn Nets,41,PF,25,150.31447585467666,237,Kansas,981348.0
27,Henry Sims,Brooklyn Nets,14,C,26,169.00598403762947,248,Georgetown,947276.0
28,Donald Sloan,Brooklyn Nets,15,PG,28,163.5635210438746,205,Texas A&M,947276.0
29,Thaddeus Young,Brooklyn Nets,30,PF,27,168.0752180533476,221,Georgia Tech,11235955.0
30,Arron Afflalo,New York Knicks,4,SG,30,158.5279625259551,210,UCLA,8000000.0
31,Lou Amundson,New York Knicks,17,PF,33,173.7218780770967,220,UNLV,1635476.0
32,Thanasis Antetokounmpo,New York Knicks,43,SF,23,170.29550765716414,205,unknown,30888.0
33,Carmelo Anthony,New York Knicks,7,SF,32,157.41308550578688,240,Syracuse,22875000.0
34,Jose Calderon,New York Knicks,3,PG,34,177.25374253726662,200,unknown,7402812.0
35,Cleanthony Early,New York Knicks,11,SF,25,156.70885713968931,210,Wichita State,845059.0
36,Langston Galloway,New York Knicks,2,SG,24,158.5067697868047,200,Saint Joseph's,845059.0
37,Jerian Grant,New York Knicks,13,PG,23,161.9605039725293,195,Notre Dame,1572360.0
38,Robin Lopez,New York Knicks,8,C,28,162.35067008930187,255,Stanford,12650000.0
39,Kyle O'Quinn,New York Knicks,9,PF,26,178.80828054733277,250,Norfolk State,3750000.0
40,Kristaps Porzingis,New York Knicks,6,PF,20,159.94458806581127,240,unknown,4131720.0
41,Kevin Seraphin,New York Knicks,1,C,26,158.65150333807384,278,unknown,2814000.0
42,Lance Thomas,New York Knicks,42,SF,28,169.24050124767533,235,Duke,1636842.0
43,Sasha Vujacic,New York Knicks,18,SG,32,163.23033584675247,195,unknown,947276.0
44,Derrick Williams,New York Knicks,23,PF,25,169.00322912880796,240,Arizona,4000000.0
45,Tony Wroten,New York Knicks,5,SG,23,152.27022959555958,205,Washington,167406.0
46,Elton Brand,Philadelphia 76ers,42,PF,37,167.79423984697797,254,Duke,0.0
47,Isaiah Canaan,Philadelphia 76ers,0,PG,25,178.53869206225315,201,Murray State,947276.0
48,Robert Covington,Philadelphia 76ers,33,SF,25,176.531799783095,215,Tennessee State,1000000.0
49,Joel Embiid,Philadelphia 76ers,21,C,22,160.013862728779,250,Kansas,4626960.0
50,Jerami Grant,Philadelphia 76ers,39,SF,22,160.74112654887384,210,Syracuse,845059.0
51,Richaun Holmes,Philadelphia 76ers,22,PF,22,152.62047595382424,245,Bowling Green,1074169.0
52,Carl Landry,Philadelphia 76ers,7,PF,32,172.30979052401392,248,Purdue,6500000.0
53,Kendall Marshall,Philadelphia 76ers,5,PG,24,158.9483080087146,200,North Carolina,2144772.0
54,T.J. McConnell,Philadelphia 76ers,12,PG,24,169.41440744584992,200,Arizona,525093.0
55,Nerlens Noel,Philadelphia 76ers,4,PF,22,151.13551379222733,228,Kentucky,3457800.0
56,Jahlil Okafor,Philadelphia 76ers,8,C,20,168.287472017143,275,Duke,4582680.0
57,Ish Smith,Philadelphia 76ers,1,PG,27,179.60851049967738,175,Wake Forest,947276.0
58,Nik Stauskas,Philadelphia 76ers,11,SG,22,150.8182704031119,205,Michigan,2869440.0
59,Hollis Thompson,Philadelphia 76ers,31,SG,25,154.25540734436169,206,Georgetown,947276.0
60,Christian Wood,Philadelphia 76ers,35,PF,20,168.94636586272003,220,UNLV,525093.0
61,Bismack Biyombo,Toronto Raptors,8,C,23,155.64341211210487,245,unknown,2814000.0
62,Bruno Caboclo,Toronto Raptors,20,SF,20,167.01834268100998,205,unknown,1524000.0
63,DeMarre Carroll,Toronto Raptors,5,SF,29,179.77014228907635,212,Missouri,13600000.0
64,DeMar DeRozan,Toronto Raptors,10,SG,26,159.6857753411292,220,USC,10050000.0
65,James Johnson,Toronto Raptors,3,PF,29,158.26901292642174,250,Wake Forest,2500000.0
66,Cory Joseph,Toronto Raptors,6,PG,24,151.71874115055795,190,Texas,7000000.0
67,Kyle Lowry,Toronto Raptors,7,PG,30,167.21929211273977,205,Villanova,12000000.0
68,Lucas Nogueira,Toronto Raptors,92,C,23,176.95512998709992,220,unknown,1842000.0
69,Patrick Patterson,Toronto Raptors,54,PF,27,166.20811466202386,235,Kentucky,6268675.0
70,Norman Powell,Toronto Raptors,24,SG,23,162.90982989838784,215,UCLA,650000.0
71,Terrence Ross,Toronto Raptors,31,SF,25,175.05147390746797,195,Washington,3553917.0
72,Luis Scola,Toronto Raptors,4,PF,36,152.00871546184436,240,unknown,2900000.0
73,Jason Thompson,Toronto Raptors,1,PF,29,169.68186934545992,250,Rider,245177.0
74,Jonas Valanciunas,Toronto Raptors,17,C,24,165.77329930264284,255,unknown,4660482.0
75,Delon Wright,Toronto Raptors,55,PG,24,159.7591178951723,190,Utah,1509360.0
76,Leandro Barbosa,Golden State Warriors,19,SG,33,167.22339144551037,194,unknown,2500000.0
77,Harrison Barnes,Golden State Warriors,40,SF,24,174.22828122487732,225,North Carolina,3873398.0
78,Andrew Bogut,Golden State Warriors,12,C,31,172.15327022211451,260,Utah,13800000.0
79,Ian Clark,Golden State Warriors,21,SG,25,170.0442853330959,175,Belmont,947276.0
80,Stephen Curry,Golden State Warriors,30,PG,28,160.51090238339734,190,Davidson,11370786.0
81,Festus Ezeli,Golden State Warriors,31,C,26,166.56628979732685,265,Vanderbilt,2008748.0
82,Draymond Green,Golden State Warriors,23,PF,26,150.98431749534157,230,Michigan State,14260870.0
83,Andre Iguodala,Golden State Warriors,9,SF,32,152.12047598846243,215,Arizona,11710456.0
84,Shaun Livingston,Golden State Warriors,34,PG,30,177.11927681774182,192,unknown,5543725.0
85,Kevon Looney,Golden State Warriors,36,SF,20,163.9825314532559,220,UCLA,1131960.0
86,James Michael McAdoo,Golden State Warriors,20,SF,23,163.20030208051858,240,North Carolina,845059.0
87,Brandon Rush,Golden State Warriors,4,SF,30,165.4035843269242,220,Kansas,1270964.0
88,Marreese Speights,Golden State Warriors,5,C,28,156.8082891021253,255,Florida,3815000.0
89,Klay Thompson,Golden State Warriors,11,SG,26,179.25844988171875,215,Washington State,15501000.0
90,Anderson Varejao,Golden State Warriors,18,PF,33,177.66046467776914,273,unknown,289755.0
91,Cole Aldrich,Los Angeles Clippers,45,C,27,153.64738844599415,250,Kansas,1100602.0
92,Jeff Ayres,Los Angeles Clippers,19,PF,29,177.8583896672124,250,Arizona State,111444.0
93,Jamal Crawford,Los Angeles Clippers,11,SG,36,165.2279051519687,195,Michigan,5675000.0
94,Branden Dawson,Los Angeles Clippers,22,SF,23,174.93532369013164,225,Michigan State,525093.0
95,Jeff Green,Los Angeles Clippers,8,SF,29,162.8484244319083,235,Georgetown,9650000.0
96,Blake Griffin,Los Angeles Clippers,32,PF,27,150.6651114120492,251,Oklahoma,18907726.0
97,Wesley Johnson,Los Angeles Clippers,33,SF,28,162.30942451660837,215,Syracuse,1100602.0
98,DeAndre Jordan,Los Angeles Clippers,6,C,27,156.00156190422086,265,Texas A&M,19689000.0
99,Luc Richard Mbah a Moute,Los Angeles Clippers,12,PF,29,174.55361381793932,230,UCLA,947276.0
100,Chris Paul,Los Angeles Clippers,3,PG,31,174.41747064056156,175,Wake Forest,21468695.0
101,Paul Pierce,Los Angeles Clippers,34,SF,38,172.15681090390558,235,Kansas,3376000.0
102,Pablo Prigioni,Los Angeles Clippers,9,PG,39,177.16467298618343,185,unknown,947726.0
103,JJ Redick,Los Angeles Clippers,4,SG,31,164.85711739239392,190,Duke,7085000.0
104,Austin Rivers,Los Angeles Clippers,25,PG,23,170.6379058410944,200,Duke,3110796.0
105,C.J. Wilcox,Los Angeles Clippers,30,SG,25,153.83816622204054,195,Washington,1159680.0
106,Brandon Bass,Los Angeles Lakers,2,PF,31,178.049865017895,250,LSU,3000000.0
107,Tarik Black,Los Angeles Lakers,28,C,24,161.16904428511813,250,Kansas,845059.0
108,Anthony Brown,Los Angeles Lakers,3,SF,23,157.9714201625489,210,Stanford,700000.0
109,Kobe Bryant,Los Angeles Lakers,24,SF,37,158.8819928740924,212,unknown,25000000.0
110,Jordan Clarkson,Los Angeles Lakers,6,PG,24,154.77585038138125,194,Missouri,845059.0
111,Roy Hibbert,Los Angeles Lakers,17,C,29,174.4586363149229,270,Georgetown,15592217.0
112,Marcelo Huertas,Los Angeles Lakers,9,PG,33,177.74540748687858,200,unknown,525093.0
113,Ryan Kelly,Los Angeles Lakers,4,PF,25,176.8831240415684,230,Duke,1724250.0
114,Larry Nance Jr.,Los Angeles Lakers,7,PF,23,151.1457193740918,230,Wyoming,1155600.0
115,Julius Randle,Los Angeles Lakers,30,PF,21,154.07915309039805,250,Kentucky,3132240.0
116,D'Angelo Russell,Los Angeles Lakers,1,PG,20,170.92159669687823,195,Ohio State,5103120.0
117,Robert Sacre,Los Angeles Lakers,50,C,27,158.3281790776223,270,Gonzaga,981348.0
118,Louis Williams,Los Angeles Lakers,23,SG,29,173.78457547747527,175,unknown,7000000.0
119,Metta World Peace,Los Angeles Lakers,37,SF,36,154.2406011854861,260,St. John's,947276.0
120,Nick Young,Los Angeles Lakers,0,SF,31,158.53918592272515,210,USC,5219169.0
121,Eric Bledsoe,Phoenix Suns,2,PG,26,174.33912449976432,190,Kentucky,13500000.0
122,Devin Booker,Phoenix Suns,1,SG,19,160.9553419177228,206,Kentucky,2127840.0
123,Chase Budinger,Phoenix Suns,10,SF,28,162.8576989497805,209,Arizona,206192.0
124,Tyson Chandler,Phoenix Suns,4,C,33,154.65725887230002,240,unknown,13000000.0
125,Archie Goodwin,Phoenix Suns,20,SG,21,175.2959876423394,200,Kentucky,1160160.0
126,John Jenkins,Phoenix Suns,23,SG,25,163.1504506125307,215,Vanderbilt,981348.0
127,Brandon Knight,Phoenix Suns,3,PG,24,153.89635587526152,189,Kentucky,13500000.0
128,Alex Len,Phoenix Suns,21,C,22,178.7712571468243,260,Maryland,3807120.0
129,Jon Leuer,Phoenix Suns,30,PF,27,159.53763877603242,228,Wisconsin,1035000.0
130,Phil Pressey,Phoenix Suns,25,PG,25,164.26619675041488,175,Missouri,55722.0
131,Ronnie Price,Phoenix Suns,14,PG,32,170.10502160746532,190,Utah Valley,947276.0
132,Mirza Teletovic,Phoenix Suns,35,PF,30,168.77443502801717,242,unknown,5500000.0
133,P.J. Tucker,Phoenix Suns,17,SF,31,158.0823774538274,245,Texas,5500000.0
134,T.J. Warren,Phoenix Suns,12,SF,22,151.88979689296937,230,North Carolina State,2041080.0
135,Alan Williams,Phoenix Suns,15,C,23,174.23602442674698,260,UC Santa Barbara,83397.0
136,Quincy Acy,Sacramento Kings,13,SF,25,176.90467187246668,240,Baylor,981348.0
137,James Anderson,Sacramento Kings,5,SG,27,172.01355940258358,213,Oklahoma State,1015421.0
138,Marco Belinelli,Sacramento Kings,3,SG,30,179.67605934164123,210,unknown,6060606.0
139,Caron Butler,Sacramento Kings,31,SF,36,179.91372734392812,228,Connecticut,1449187.0
140,Omri Casspi,Sacramento Kings,18,SF,27,154.33918554291301,225,unknown,2836186.0
141,Willie Cauley-Stein,Sacramento Kings,0,C,22,172.92386213821672,240,Kentucky,3398280.0
142,Darren Collison,Sacramento Kings,7,PG,28,150.07886642545444,175,UCLA,5013559.0
143,DeMarcus Cousins,Sacramento Kings,15,C,25,171.18026080730417,270,Kentucky,15851950.0
144,Seth Curry,Sacramento Kings,30,SG,25,168.86087501305119,185,Duke,947276.0
145,Duje Dukan,Sacramento Kings,26,PF,24,152.58427416753358,220,Wisconsin,525093.0
146,Rudy Gay,Sacramento Kings,8,SF,29,176.34106333328228,230,Connecticut,12403101.0
147,Kosta Koufos,Sacramento Kings,41,C,27,173.6074092588136,265,Ohio State,7700000.0
148,Ben McLemore,Sacramento Kings,23,SG,23,156.85131218494848,195,Kansas,3156600.0
149,Eric Moreland,Sacramento Kings,25,PF,24,153.90350259412568,238,Oregon State,845059.0
150,Rajon Rondo,Sacramento Kings,9,PG,30,169.0062934692391,186,Kentucky,9500000.0
151,Cameron Bairstow,Chicago Bulls,41,PF,25,163.9364238793504,250,New Mexico,845059.0
152,Aaron Brooks,Chicago Bulls,0,PG,31,163.6569245033646,161,Oregon,2250000.0
153,Jimmy Butler,Chicago Bulls,21,SG,26,174.0480068332299,220,Marquette,16407500.0
154,Mike Dunleavy,Chicago Bulls,34,SG,35,159.50534520482103,230,Duke,4500000.0
155,Cristiano Felicio,Chicago Bulls,6,PF,23,158.59801374601454,275,unknown,525093.0
156,Pau Gasol,Chicago Bulls,16,C,35,162.76313116122168,250,unknown,7448760.0
157,Taj Gibson,Chicago Bulls,22,PF,30,169.24128518826166,225,USC,8500000.0
158,Justin Holiday,Chicago Bulls,7,SG,27,158.1301406715177,185,Washington,947276.0
159,Doug McDermott,Chicago Bulls,3,SF,24,172.34584345307974,225,Creighton,2380440.0
160,Nikola Mirotic,Chicago Bulls,44,PF,25,174.94106045476607,220,unknown,5543725.0
161,E'Twaun Moore,Chicago Bulls,55,SG,27,170.89918724830838,191,Purdue,1015421.0
162,Joakim Noah,Chicago Bulls,13,C,31,153.5449695156397,232,Florida,13400000.0
163,Bobby Portis,Chicago Bulls,5,PF,21,154.8303723595804,230,Arkansas,1391160.0
164,Derrick Rose,Chicago Bulls,1,PG,27,150.61883349508457,190,Memphis,20093064.0
165,Tony Snell,Chicago Bulls,20,SF,24,161.44275306007012,200,New Mexico,1535880.0
166,Matthew Dellavedova,Cleveland Cavaliers,8,PG,25,153.21936982624993,198,Saint Mary's,1147276.0
167,Channing Frye,Cleveland Cavaliers,9,PF,33,165.0936879558668,255,Arizona,8193029.0
168,Kyrie Irving,Cleveland Cavaliers,2,PG,24,157.45036017650347,193,Duke,16407501.0
169,LeBron James,Cleveland Cavaliers,23,SF,31,176.84153013619957,250,unknown,22970500.0
170,Richard Jefferson,Cleveland Cavaliers,24,SF,35,177.53452560253754,233,Arizona,947276.0
171,Dahntay Jones,Cleveland Cavaliers,30,SG,35,171.872529689209,225,Duke,0.0
172,James Jones,Cleveland Cavaliers,1,SG,35,168.50634667244879,218,Miami (FL),947276.0
173,Sasha Kaun,Cleveland Cavaliers,14,C,31,175.97713868657559,260,Kansas,1276000.0
174,Kevin Love,Cleveland Cavaliers,0,PF,27,178.5767911716696,251,UCLA,19689000.0
175,Jordan McRae,Cleveland Cavaliers,12,SG,25,175.05628245782356,179,Tennessee,111196.0
176,Timofey Mozgov,Cleveland Cavaliers,20,C,29,163.18201939836527,275,unknown,4950000.0
177,Iman Shumpert,Cleveland Cavaliers,4,SG,25,168.96356200257526,220,Georgia Tech,8988765.0
178,J.R. Smith,Cleveland Cavaliers,5,SG,30,175.77817405198974,225,unknown,5000000.0
179,Tristan Thompson,Cleveland Cavaliers,13,C,25,150.6126999868459,238,Texas,14260870.0
180,Mo Williams,Cleveland Cavaliers,52,PG,33,155.35890817462985,198,Alabama,2100000.0
181,Joel Anthony,Detroit Pistons,50,C,33,152.67618666421055,245,UNLV,2500000.0
182,Aron Baynes,Detroit Pistons,12,C,29,176.3815272648198,260,Washington State,6500000.0
183,Steve Blake,Detroit Pistons,22,PG,36,169.91201800738543,172,Maryland,2170465.0
184,Lorenzo Brown,Detroit Pistons,17,PG,25,150.00156818377044,189,North Carolina State,111444.0
185,Reggie Bullock,Detroit Pistons,25,SF,25,151.40539016013986,205,North Carolina,1252440.0
186,Kentavious Caldwell-Pope,Detroit Pistons,5,SG,23,155.02510491298494,205,Georgia,2891760.0
187,Spencer Dinwiddie,Detroit Pistons,8,PG,23,179.8769571731118,200,Colorado,845059.0
188,Andre Drummond,Detroit Pistons,0,C,22,162.63589854916395,279,Connecticut,3272091.0
189,Tobias Harris,Detroit Pistons,34,SF,23,179.9611520011426,235,Tennessee,16000000.0
190,Darrun Hilliard,Detroit Pistons,6,SF,23,156.69633437874612,205,Villanova,600000.0
191,Reggie Jackson,Detroit Pistons,1,PG,26,167.3705754010251,208,Boston College,13913044.0
192,Stanley Johnson,Detroit Pistons,3,SF,20,173.34151501504172,245,Arizona,2841960.0
193,Jodie Meeks,Detroit Pistons,20,SG,28,177.68949150480375,210,Kentucky,6270000.0
194,Marcus Morris,Detroit Pistons,13,PF,26,168.293392609328,235,Kansas,5000000.0
195,Anthony Tolliver,Detroit Pistons,43,PF,31,169.2294630061504,240,Creighton,3000000.0
196,Lavoy Allen,Indiana Pacers,5,PF,27,173.80855731544304,255,Temple,4050000.0
197,Rakeem Christmas,Indiana Pacers,25,PF,24,154.1481123128103,250,Syracuse,1007026.0
198,Monta Ellis,Indiana Pacers,11,SG,30,164.93612590627615,185,unknown,10300000.0
199,Paul George,Indiana Pacers,13,SF,26,169.75021394228958,220,Fresno State,17120106.0
200,George Hill,Indiana Pacers,3,PG,30,164.25279791714217,188,IUPUI,8000000.0
201,Jordan Hill,Indiana Pacers,27,C,28,167.72488975342824,235,Arizona,4000000.0
202,Solomon Hill,Indiana Pacers,44,SF,25,166.01450346832434,225,Arizona,1358880.0
203,Ty Lawson,Indiana Pacers,10,PG,28,161.98004162055517,195,North Carolina,211744.0
204,Ian Mahinmi,Indiana Pacers,28,C,29,156.03177030070708,250,unknown,4000000.0
205,C.J. Miles,Indiana Pacers,0,SF,29,178.9602907517478,231,unknown,4394225.0
206,Glenn Robinson III,Indiana Pacers,40,SG,22,160.40185464327527,222,Michigan,1100000.0
207,Rodney Stuckey,Indiana Pacers,2,PG,30,173.3197258743948,205,Eastern Washington,7000000.0
208,Myles Turner,Indiana Pacers,33,PF,20,179.5249842922079,243,Texas,2357760.0
209,Shayne Whittington,Indiana Pacers,42,PF,25,174.96773041341956,250,Western Michigan,845059.0
210,Joe Young,Indiana Pacers,1,PG,23,150.47328465644733,180,Oregon,1007026.0
211,Giannis Antetokounmpo,Milwaukee Bucks,34,SF,21,169.3483149267918,222,unknown,1953960.0
212,Jerryd Bayless,Milwaukee Bucks,19,PG,27,174.6838795064704,200,Arizona,3000000.0
213,Michael Carter-Williams,Milwaukee Bucks,5,PG,24,174.3816425750098,190,Syracuse,2399040.0
214,Jared Cunningham,Milwaukee Bucks,9,SG,25,163.8264290734963,195,Oregon State,947276.0
215,Tyler Ennis,Milwaukee Bucks,11,PG,21,171.17552698322044,194,Syracuse,1662360.0
216,John Henson,Milwaukee Bucks,31,PF,25,172.28777005145048,229,North Carolina,2943221.0
217,Damien Inglis,Milwaukee Bucks,17,SF,21,159.6783132147553,246,unknown,855000.0
218,O.J. Mayo,Milwaukee Bucks,3,SG,28,159.78478310547857,210,USC,8000000.0
219,Khris Middleton,Milwaukee Bucks,22,SG,24,177.92384545472137,234,Texas A&M,14700000.0
220,Greg Monroe,Milwaukee Bucks,15,C,26,170.78785728101505,265,Georgetown,16407500.0
221,Steve Novak,Milwaukee Bucks,6,SF,32,158.97604928425113,225,Marquette,295327.0
222,Johnny O'Bryant III,Milwaukee Bucks,77,PF,23,153.8307211188668,257,LSU,845059.0
223,Jabari Parker,Milwaukee Bucks,12,PF,21,151.77327609778376,250,Duke,5152440.0
224,Miles Plumlee,Milwaukee Bucks,18,C,27,158.2377163616489,249,Duke,2109294.0
225,Greivis Vasquez,Milwaukee Bucks,21,PG,29,158.7325876943723,217,Maryland,6600000.0
226,Rashad Vaughn,Milwaukee Bucks,20,SG,19,152.41363755119548,202,UNLV,1733040.0
227,Justin Anderson,Dallas Mavericks,1,SG,22,170.81390289584328,228,Virginia,1449000.0
228,J.J. Barea,Dallas Mavericks,5,PG,31,165.51832630674923,185,Northeastern,4290000.0
229,Jeremy Evans,Dallas Mavericks,21,SF,28,177.74060052945683,200,Western Kentucky,1100602.0
230,Raymond Felton,Dallas Mavericks,2,PG,31,150.49726013454307,205,North Carolina,3950313.0
231,Devin Harris,Dallas Mavericks,34,PG,33,165.61732162955255,185,Wisconsin,4053446.0
232,David Lee,Dallas Mavericks,42,PF,33,164.57921395830465,245,Florida,2085671.0
233,Wesley Matthews,Dallas Mavericks,23,SG,29,158.39750192533091,220,Marquette,16407500.0
234,JaVale McGee,Dallas Mavericks,11,C,28,162.1092895485157,270,Nevada,1270964.0
235,Salah Mejri,Dallas Mavericks,50,C,29,163.18476333775192,245,unknown,525093.0
236,Dirk Nowitzki,Dallas Mavericks,41,PF,37,174.78978028210713,245,unknown,8333334.0
237,Zaza Pachulia,Dallas Mavericks,27,C,32,176.4699189085904,275,unknown,5200000.0
238,Chandler Parsons,Dallas Mavericks,25,SF,27,161.85980363073003,230,Florida,15361500.0
239,Dwight Powell,Dallas Mavericks,7,PF,24,159.61484316269014,240,Stanford,845059.0
240,Charlie Villanueva,Dallas Mavericks,3,PF,31,150.643792997084,232,Connecticut,947276.0
241,Deron Williams,Dallas Mavericks,8,PG,31,154.6030308262007,200,Illinois,5378974.0
242,Trevor Ariza,Houston Rockets,1,SF,30,150.04522411401157,215,UCLA,8193030.0
243,Michael Beasley,Houston Rockets,8,SF,27,165.85014043025734,235,Kansas State,306527.0
244,Patrick Beverley,Houston Rockets,2,PG,27,152.8645665176052,185,Arkansas,6486486.0
245,Corey Brewer,Houston Rockets,33,SG,30,174.49336675104297,186,Florida,8229375.0
246,Clint Capela,Houston Rockets,15,PF,22,156.1748422860186,240,unknown,1242720.0
247,Sam Dekker,Houston Rockets,7,SF,22,172.06079467765156,230,Wisconsin,1646400.0
248,Andrew Goudelock,Houston Rockets,0,PG,27,170.62334876876875,200,Charleston,200600.0
249,James Harden,Houston Rockets,13,SG,26,152.5494549570551,220,Arizona State,15756438.0
250,Montrezl Harrell,Houston Rockets,35,PF,22,177.05720983866652,240,Louisville,1000000.0
251,Dwight Howard,Houston Rockets,12,C,30,179.43744865652096,265,unknown,22359364.0
252,Terrence Jones,Houston Rockets,6,PF,24,161.1616949398964,252,Kentucky,2489530.0
253,K.J. McDaniels,Houston Rockets,32,SG,23,173.62940721933393,205,Clemson,3189794.0
254,Donatas Motiejunas,Houston Rockets,20,PF,25,179.78103091102798,222,unknown,2288205.0
255,Josh Smith,Houston Rockets,5,C,30,175.33433512389814,225,unknown,947276.0
256,Jason Terry,Houston Rockets,31,SG,38,153.20775398878177,185,Arizona,947276.0
257,Jordan Adams,Memphis Grizzlies,3,SG,21,179.38849941392485,209,UCLA,1404600.0
258,Tony Allen,Memphis Grizzlies,9,SG,34,150.12283979949225,213,Oklahoma State,5158539.0
259,Chris Andersen,Memphis Grizzlies,7,PF,37,177.49805311960904,245,Blinn College,5000000.0
260,Matt Barnes,Memphis Grizzlies,22,SF,36,172.02632225871972,226,UCLA,3542500.0
261,Vince Carter,Memphis Grizzlies,15,SG,39,157.43263987195607,220,North Carolina,4088019.0
262,Mike Conley,Memphis Grizzlies,11,PG,28,171.1548333695105,175,Ohio State,9588426.0
263,Bryce Cotton,Memphis Grizzlies,8,PG,23,161.7732725397361,165,Providence,700902.0
264,Jordan Farmar,Memphis Grizzlies,4,PG,29,164.46379264279938,180,UCLA,0.0
265,Marc Gasol,Memphis Grizzlies,33,C,31,161.1987451318612,255,unknown,19688000.0
266,JaMychal Green,Memphis Grizzlies,0,PF,25,167.20866338458984,227,Alabama,845059.0
267,P.J. Hairston,Memphis Grizzlies,19,SF,23,169.35204350165168,230,North Carolina,1201440.0
268,Jarell Martin,Memphis Grizzlies,10,PF,22,163.4663065432015,239,LSU,1230840.0
269,Ray McCallum,Memphis Grizzlies,5,PG,24,158.8778040505013,190,Detroit,0.0
270,Xavier Munford,Memphis Grizzlies,14,PG,24,155.79302979379926,180,Rhode Island,0.0
271,Zach Randolph,Memphis Grizzlies,50,PF,34,157.28304244997315,260,Michigan State,9638555.0
272,Lance Stephenson,Memphis Grizzlies,1,SF,25,169.6632872482367,230,Cincinnati,9000000.0
273,Alex Stepheson,Memphis Grizzlies,35,PF,28,175.51331247663347,270,USC,0.0
274,Brandan Wright,Memphis Grizzlies,34,PF,28,176.73060863392237,210,North Carolina,5464000.0
275,Alexis Ajinca,New Orleans Pelicans,42,C,28,168.05485318163676,248,unknown,4389607.0
276,Ryan Anderson,New Orleans Pelicans,33,PF,28,151.49175773789858,240,California,8500000.0
277,Omer Asik,New Orleans Pelicans,3,C,29,175.41741180173761,255,unknown,9213483.0
278,Luke Babbitt,New Orleans Pelicans,8,SF,26,155.32807327096975,225,Nevada,1100602.0
279,Norris Cole,New Orleans Pelicans,30,PG,27,171.0378612740086,175,Cleveland State,3036927.0
280,Dante Cunningham,New Orleans Pelicans,44,PF,29,179.92299698305288,230,Villanova,2850000.0
281,Anthony Davis,New Orleans Pelicans,23,PF,23,164.02353694479493,253,Kentucky,7070730.0
282,Bryce Dejean-Jones,New Orleans Pelicans,31,SG,23,163.1424731058083,203,Iowa State,169883.0
283,Toney Douglas,New Orleans Pelicans,16,PG,30,162.30922735275564,195,Florida State,1164858.0
284,James Ennis,New Orleans Pelicans,4,SF,25,166.66380241065153,210,Long Beach State,845059.0
285,Tyreke Evans,New Orleans Pelicans,1,SG,26,166.69008520253186,220,Memphis,10734586.0
286,Tim Frazier,New Orleans Pelicans,2,PG,25,171.29723814458876,170,Penn State,845059.0
287,Alonzo Gee,New Orleans Pelicans,15,SF,29,176.02141943782732,225,Alabama,1320000.0
288,Eric Gordon,New Orleans Pelicans,10,SG,27,159.74210868075318,215,Indiana,15514031.0
289,Jordan Hamilton,New Orleans Pelicans,25,SG,25,166.1460874319734,220,Texas,1015421.0
290,Jrue Holiday,New Orleans Pelicans,11,PG,25,165.84729323422476,205,UCLA,10595507.0
291,Orlando Johnson,New Orleans Pelicans,0,SG,27,155.25190227233426,220,UC Santa Barbara,55722.0
292,Kendrick Perkins,New Orleans Pelicans,5,C,31,179.4882416060817,270,unknown,947276.0
293,Quincy Pondexter,New Orleans Pelicans,20,SF,28,174.45145728888167,220,Washington,3382023.0
294,LaMarcus Aldridge,San Antonio Spurs,12,PF,30,169.28791244230925,240,Texas,19689000.0
295,Kyle Anderson,San Antonio Spurs,1,SF,22,175.6781236158714,230,UCLA,1142880.0
296,Matt Bonner,San Antonio Spurs,15,C,36,173.38394091368886,235,Florida,947276.0
297,Boris Diaw,San Antonio Spurs,33,C,34,177.96879378443876,250,unknown,7500000.0
298,Tim Duncan,San Antonio Spurs,21,C,40,153.46839102757957,250,Wake Forest,5250000.0
299,Manu Ginobili,San Antonio Spurs,20,SG,38,172.23659066106816,205,unknown,2814000.0
300,Danny Green,San Antonio Spurs,14,SG,28,152.8364899134818,215,North Carolina,10000000.0
301,Kawhi Leonard,San Antonio Spurs,2,SF,24,167.92672595418162,230,San Diego State,16407500.0
302,Boban Marjanovic,San Antonio Spurs,40,C,27,160.78160913418125,290,unknown,1200000.0
303,Kevin Martin,San Antonio Spurs,23,SG,33,177.6413773315748,199,Western Carolina,200600.0
304,Andre Miller,San Antonio Spurs,24,PG,40,165.7263503105623,200,Utah,250750.0
305,Patty Mills,San Antonio Spurs,8,PG,27,175.83985860401978,185,Saint Mary's,3578947.0
306,Tony Parker,San Antonio Spurs,9,PG,34,167.68138703802964,185,unknown,13437500.0
307,Jonathon Simmons,San Antonio Spurs,17,SG,26,174.58266221537727,195,Houston,525093.0
308,David West,San Antonio Spurs,30,PF,35,166.64184312012432,250,Xavier,1499187.0
309,Kent Bazemore,Atlanta Hawks,24,SF,26,160.14694960671466,201,Old Dominion,2000000.0
310,Tim Hardaway Jr.,Atlanta Hawks,10,SG,24,152.5649012218271,205,Michigan,1304520.0
311,Kirk Hinrich,Atlanta Hawks,12,SG,35,151.46528356126782,190,Kansas,2854940.0
312,Al Horford,Atlanta Hawks,15,C,30,156.36697933913848,245,Florida,12000000.0
313,Kris Humphries,Atlanta Hawks,43,PF,31,158.25133828379862,235,Minnesota,1000000.0
314,Kyle Korver,Atlanta Hawks,26,SG,35,151.3824067763868,212,Creighton,5746479.0
315,Paul Millsap,Atlanta Hawks,4,PF,31,172.031732299829,246,Louisiana Tech,18671659.0
316,Mike Muscala,Atlanta Hawks,31,PF,24,175.33356343826742,240,Bucknell,947276.0
317,Lamar Patterson,Atlanta Hawks,13,SG,24,169.91217100281162,225,Pittsburgh,525093.0
318,Dennis Schroder,Atlanta Hawks,17,PG,22,162.60738324794573,172,unknown,1763400.0
319,Mike Scott,Atlanta Hawks,32,PF,27,151.36086086313216,237,Virginia,3333333.0
320,Thabo Sefolosha,Atlanta Hawks,25,SF,32,150.43758650462695,220,unknown,4000000.0
321,Tiago Splitter,Atlanta Hawks,11,C,31,163.8790987005864,245,unknown,9756250.0
322,Walter Tavares,Atlanta Hawks,22,C,24,172.70411720351512,260,unknown,1000000.0
323,Jeff Teague,Atlanta Hawks,0,PG,27,158.30902910209926,186,Wake Forest,8000000.0
324,Nicolas Batum,Charlotte Hornets,5,SG,27,163.4349760046555,200,unknown,13125306.0
325,Troy Daniels,Charlotte Hornets,30,SG,24,157.3530495054043,205,Virginia Commonwealth,947276.0
326,Jorge Gutierrez,Charlotte Hornets,12,PG,27,155.1263888136289,189,California,189455.0
327,Tyler Hansbrough,Charlotte Hornets,50,PF,30,172.8575971969819,250,North Carolina,947276.0
328,Aaron Harrison,Charlotte Hornets,9,SG,21,162.09194085344913,210,Kentucky,525093.0
329,Spencer Hawes,Charlotte Hornets,0,PF,28,167.75026673315273,245,Washington,6110034.0
330,Al Jefferson,Charlotte Hornets,25,C,31,170.96598208852734,289,unknown,13500000.0
331,Frank Kaminsky III,Charlotte Hornets,44,C,23,164.71290288556222,240,Wisconsin,2612520.0
332,Michael Kidd-Gilchrist,Charlotte Hornets,14,SF,22,161.010320433311,232,Kentucky,6331404.0
333,Jeremy Lamb,Charlotte Hornets,3,SG,24,157.44526121394722,185,Connecticut,3034356.0
334,Courtney Lee,Charlotte Hornets,1,SG,30,151.88640001099733,200,Western Kentucky,5675000.0
335,Jeremy Lin,Charlotte Hornets,7,PG,27,162.51738500248908,200,Harvard,2139000.0
336,Kemba Walker,Charlotte Hornets,15,PG,26,168.61076663637556,184,Connecticut,12000000.0
337,Marvin Williams,Charlotte Hornets,2,PF,29,150.6045379987151,237,North Carolina,7000000.0
338,Cody Zeller,Charlotte Hornets,40,C,23,173.25883077186168,240,Indiana,4204200.0
339,Chris Bosh,Miami Heat,1,PF,32,176.00318144847776,235,Georgia Tech,22192730.0
340,Luol Deng,Miami Heat,9,SF,31,170.91282956410538,220,Duke,10151612.0
341,Goran Dragic,Miami Heat,7,PG,30,171.84922663422893,190,unknown,14783000.0
342,Gerald Green,Miami Heat,14,SF,30,163.51097541217587,205,unknown,947276.0
343,Udonis Haslem,Miami Heat,40,PF,36,152.17413991754657,235,Florida,2854940.0
344,Joe Johnson,Miami Heat,2,SF,34,151.32338052517738,240,Arkansas,261894.0
345,Tyler Johnson,Miami Heat,8,SG,24,174.0738612947916,186,Fresno State,845059.0
346,Josh McRoberts,Miami Heat,4,PF,29,179.40530212681452,240,Duke,5543725.0
347,Josh Richardson,Miami Heat,0,SG,22,166.77741752358557,200,Tennessee,525093.0
348,Amar'e Stoudemire,Miami Heat,5,PF,33,151.08174571491912,245,unknown,947276.0
349,Dwyane Wade,Miami Heat,3,SG,34,162.43716080889894,220,Marquette,20000000.0
350,Briante Weber,Miami Heat,12,PG,23,175.90095914004587,165,Virginia Commonwealth,0.0
351,Hassan Whiteside,Miami Heat,21,C,26,161.6638656373692,265,Marshall,981348.0
352,Justise Winslow,Miami Heat,20,SF,20,173.3437407319851,225,Duke,2481720.0
353,Dorell Wright,Miami Heat,11,SF,30,159.0031893935749,205,unknown,0.0
354,Dewayne Dedmon,Orlando Magic,3,C,26,168.8545337783477,245,USC,947276.0
355,Evan Fournier,Orlando Magic,10,SG,23,151.31717244246994,205,unknown,2288205.0
356,Aaron Gordon,Orlando Magic,0,PF,20,175.87029544259175,220,Arizona,4171680.0
357,Mario Hezonja,Orlando Magic,23,SG,21,167.88623581257616,218,unknown,3741480.0
358,Ersan Ilyasova,Orlando Magic,7,PF,29,167.7893798315239,235,unknown,7900000.0
359,Brandon Jennings,Orlando Magic,55,PG,26,154.39668091584255,169,unknown,8344497.0
360,Devyn Marble,Orlando Magic,11,SF,23,154.73970197055917,200,Iowa,845059.0
361,Shabazz Napier,Orlando Magic,13,PG,24,175.6846363050619,175,Connecticut,1294440.0
362,Andrew Nicholson,Orlando Magic,44,PF,26,152.2741408770001,250,St. Bonaventure,2380593.0
363,Victor Oladipo,Orlando Magic,5,SG,24,155.27963023557828,210,Indiana,5192520.0
364,Elfrid Payton,Orlando Magic,4,PG,22,176.66967555459314,185,Louisiana-Lafayette,2505720.0
365,Jason Smith,Orlando Magic,14,PF,30,179.65396122621004,240,Colorado State,4300000.0
366,Nikola Vucevic,Orlando Magic,9,C,25,177.87909146421657,260,USC,11250000.0
367,C.J. Watson,Orlando Magic,32,PG,32,163.03937839322214,175,Tennessee,5000000.0
368,Alan Anderson,Washington Wizards,6,SG,33,168.61682189962113,220,Michigan State,4000000.0
369,Bradley Beal,Washington Wizards,3,SG,22,174.13353033956116,207,Florida,5694674.0
370,Jared Dudley,Washington Wizards,1,SF,30,162.08160223763335,225,Boston College,4375000.0
371,Jarell Eddie,Washington Wizards,8,SG,24,168.61992459750556,218,Virginia Tech,561716.0
372,Drew Gooden,Washington Wizards,90,PF,34,165.37536512638667,250,Kansas,3300000.0
373,Marcin Gortat,Washington Wizards,13,C,32,155.829924761823,240,unknown,11217391.0
374,JJ Hickson,Washington Wizards,21,C,27,160.51237411235556,242,North Carolina State,273038.0
375,Nene Hilario,Washington Wizards,42,C,33,152.80320890244366,250,unknown,13000000.0
376,Markieff Morris,Washington Wizards,5,PF,26,162.06152333715204,245,Kansas,8000000.0
377,Kelly Oubre Jr.,Washington Wizards,12,SF,20,177.06681410543166,205,Kansas,1920240.0
378,Otto Porter Jr.,Washington Wizards,22,SF,23,153.94318691568347,198,Georgetown,4662960.0
379,Ramon Sessions,Washington Wizards,7,PG,30,177.93491991072017,190,Nevada,2170465.0
380,Garrett Temple,Washington Wizards,17,SG,30,165.31224842564473,195,LSU,1100602.0
381,Marcus Thornton,Washington Wizards,15,SF,29,150.991468433984,205,LSU,200600.0
382,John Wall,Washington Wizards,2,PG,25,174.77045191933334,195,Kentucky,15851950.0
383,Darrell Arthur,Denver Nuggets,0,PF,28,164.86220694846838,235,Kansas,2814000.0
384,D.J. Augustin,Denver Nuggets,12,PG,28,159.51677947683376,183,Texas,3000000.0
385,Will Barton,Denver Nuggets,5,SF,25,175.75245643354418,175,Memphis,3533333.0
386,Wilson Chandler,Denver Nuggets,21,SF,29,151.78961820364174,225,DePaul,10449438.0
387,Kenneth Faried,Denver Nuggets,35,PF,26,154.15006526931364,228,Morehead State,11235955.0
388,Danilo Gallinari,Denver Nuggets,8,SF,27,160.0395429846799,225,unknown,14000000.0
389,Gary Harris,Denver Nuggets,14,SG,21,157.41102701676394,210,Michigan State,1584480.0
390,Nikola Jokic,Denver Nuggets,15,C,21,161.433519734926,250,unknown,1300000.0
391,Joffrey Lauvergne,Denver Nuggets,77,C,24,169.33166256592173,220,unknown,1709719.0
392,Mike Miller,Denver Nuggets,3,SG,36,176.29367085072747,218,Florida,947276.0
393,Emmanuel Mudiay,Denver Nuggets,0,PG,20,166.6816513414625,200,unknown,3102240.0
394,Jameer Nelson,Denver Nuggets,1,PG,34,162.32315222182405,190,Saint Joseph's,4345000.0
395,Jusuf Nurkic,Denver Nuggets,23,C,21,151.8500820856347,280,unknown,1842000.0
396,JaKarr Sampson,Denver Nuggets,9,SG,23,176.13209403603287,214,St. John's,258489.0
397,Axel Toupane,Denver Nuggets,6,SG,23,163.61177205754518,210,unknown,0.0
398,Nemanja Bjelica,Minnesota Timberwolves,88,PF,28,171.46770735985498,240,unknown,3950001.0
399,Gorgui Dieng,Minnesota Timberwolves,5,C,26,170.8889841230872,241,Louisville,1474440.0
400,Kevin Garnett,Minnesota Timberwolves,21,PF,40,179.5082583842525,240,unknown,8500000.0
401,Tyus Jones,Minnesota Timberwolves,1,PG,20,163.14268903093202,195,Duke,1282080.0
402,Zach LaVine,Minnesota Timberwolves,8,PG,21,179.36288064398062,189,UCLA,2148360.0
403,Shabazz Muhammad,Minnesota Timberwolves,15,SF,23,178.11132990320556,223,UCLA,2056920.0
404,Adreian Payne,Minnesota Timberwolves,33,PF,25,164.8579371207972,237,Michigan State,1938840.0
405,Nikola Pekovic,Minnesota Timberwolves,14,C,30,152.6599684954353,307,unknown,12100000.0
406,Tayshaun Prince,Minnesota Timberwolves,12,SF,36,175.47690330441685,212,Kentucky,947276.0
407,Ricky Rubio,Minnesota Timberwolves,9,PG,25,164.30101007482241,194,unknown,12700000.0
408,Damjan Rudez,Minnesota Timberwolves,10,SF,29,157.37409452049542,230,unknown,1149500.0
409,Greg Smith,Minnesota Timberwolves,4,PF,25,164.90492874827325,250,Fresno State,0.0
410,Karl-Anthony Towns,Minnesota Timberwolves,32,C,20,153.11863151012219,244,Kentucky,5703600.0
411,Andrew Wiggins,Minnesota Timberwolves,22,SG,21,172.84503259083408,199,Kansas,5758680.0
412,Steven Adams,Oklahoma City Thunder,12,C,22,172.7657120913019,255,Pittsburgh,2279040.0
413,Nick Collison,Oklahoma City Thunder,4,PF,35,153.77600111280526,255,Kansas,3750000.0
414,Kevin Durant,Oklahoma City Thunder,35,SF,27,157.5200688194189,240,Texas,20158622.0
415,Randy Foye,Oklahoma City Thunder,6,SG,32,171.02360809195613,213,Villanova,3135000.0
416,Josh Huestis,Oklahoma City Thunder,34,SF,24,179.72497300711942,230,Stanford,1140240.0
417,Serge Ibaka,Oklahoma City Thunder,9,PF,26,165.94444872679233,245,unknown,12250000.0
418,Enes Kanter,Oklahoma City Thunder,11,C,24,164.42818463678628,245,Kentucky,16407500.0
419,Mitch McGary,Oklahoma City Thunder,33,PF,24,179.6007036426737,255,Michigan,1463040.0
420,Nazr Mohammed,Oklahoma City Thunder,13,C,38,169.00774297627868,250,Kentucky,222888.0
421,Anthony Morrow,Oklahoma City Thunder,2,SG,30,161.93564472683613,210,Georgia Tech,3344000.0
422,Cameron Payne,Oklahoma City Thunder,22,PG,21,152.55693596987325,185,Murray State,2021520.0
423,Andre Roberson,Oklahoma City Thunder,21,SG,24,169.44351057154452,210,Colorado,1210800.0
424,Kyle Singler,Oklahoma City Thunder,5,SF,28,169.16734224470062,228,Duke,4500000.0
425,Dion Waiters,Oklahoma City Thunder,3,SG,24,155.29081660957107,220,Syracuse,5138430.0
426,Russell Westbrook,Oklahoma City Thunder,0,PG,27,170.7387644652912,200,UCLA,16744218.0
427,Cliff Alexander,Portland Trail Blazers,34,PF,20,176.4298484207219,240,Kansas,525093.0
428,Al-Farouq Aminu,Portland Trail Blazers,8,SF,25,150.68969534313493,215,Wake Forest,8042895.0
429,Pat Connaughton,Portland Trail Blazers,5,SG,23,175.6248047203868,206,Notre Dame,625093.0
430,Allen Crabbe,Portland Trail Blazers,23,SG,24,160.13655632889507,210,California,947276.0
431,Ed Davis,Portland Trail Blazers,17,C,27,157.8757326249722,240,North Carolina,6980802.0
432,Maurice Harkless,Portland Trail Blazers,4,SF,23,153.50387581927856,215,St. John's,2894059.0
433,Gerald Henderson,Portland Trail Blazers,9,SG,28,154.9925225000291,215,Duke,6000000.0
434,Chris Kaman,Portland Trail Blazers,35,C,34,150.02004903818982,265,Central Michigan,5016000.0
435,Meyers Leonard,Portland Trail Blazers,11,PF,24,167.49107766026694,245,Illinois,3075880.0
436,Damian Lillard,Portland Trail Blazers,0,PG,25,178.29751558276797,195,Weber State,4236287.0
437,C.J. McCollum,Portland Trail Blazers,3,SG,24,173.54926573235383,200,Lehigh,2525160.0
438,Luis Montero,Portland Trail Blazers,44,SG,23,162.90566483311102,185,Westchester CC,525093.0
439,Mason Plumlee,Portland Trail Blazers,24,C,26,167.66038924222283,235,Duke,1415520.0
440,Brian Roberts,Portland Trail Blazers,2,PG,30,153.42685419146952,173,Dayton,2854940.0
441,Noah Vonleh,Portland Trail Blazers,21,PF,20,173.0940520551843,240,Indiana,2637720.0
442,Trevor Booker,Utah Jazz,33,PF,28,163.7333841158193,228,Clemson,4775000.0
443,Trey Burke,Utah Jazz,3,PG,23,162.85218456570837,191,Michigan,2658240.0
444,Alec Burks,Utah Jazz,10,SG,24,178.73274123448516,214,Colorado,9463484.0
445,Dante Exum,Utah Jazz,11,PG,20,170.735101353043,190,unknown,3777720.0
446,Derrick Favors,Utah Jazz,15,PF,24,167.76066663734076,265,Georgia Tech,12000000.0
447,Rudy Gobert,Utah Jazz,27,C,23,151.07000272948605,245,unknown,1175880.0
448,Gordon Hayward,Utah Jazz,20,SF,26,154.92604579201713,226,Butler,15409570.0
449,Rodney Hood,Utah Jazz,5,SG,23,161.18951310993543,206,Duke,1348440.0
450,Joe Ingles,Utah Jazz,2,SF,28,178.72804752957052,226,unknown,2050000.0
451,Chris Johnson,Utah Jazz,23,SF,26,178.85986007107238,206,Dayton,981348.0
452,Trey Lyles,Utah Jazz,41,PF,20,152.98342233285152,234,Kentucky,2239800.0
453,Shelvin Mack,Utah Jazz,8,PG,26,171.41237049567212,203,Butler,2433333.0
454,Raul Neto,Utah Jazz,25,PG,24,157.7143003657661,179,unknown,900000.0
455,Tibor Pleiss,Utah Jazz,21,C,26,160.52886794251202,256,unknown,2900000.0
456,Jeff Withey,Utah Jazz,24,C,26,173.75863891189746,231,Kansas,947276.0
457,Priyanka,Utah Jazz,34,C,25,152.12393024233063,231,Kansas,947276.0
